quantile	B6_Ly49Dn_mRNA	B6_Ly49Dn_terminator	B6_Ly49Dp_mRNA	B6_Ly49Dp_terminator
10%	10%	0	0	0	0
20%	20%	0	0	0	0
30%	30%	0	0	0	0
40%	40%	0	0.5	0	0.5
50%	50%	0.492753623188406	0.75	0.5	0.75
60%	60%	0.75	0.828571428571429	0.752517265538985	0.827586206896552
70%	70%	0.854766624617048	0.87719298245614	0.847550715353406	0.878091198303288
80%	80%	0.928833551769332	0.916666666666667	0.916666666666667	0.916666666666667
90%	90%	1	0.96	1	0.963898838597634
100%	100%	1	1	1	1
